Sample ID,Sample name,Species,Tissue,Individual,RNA extraction date,Multiplexing index sequence,Multiplexing Mixes Code,Sequencing location: at UCGF,Total number of reads sequenced,Percentage of bps trimmed (adapters),Number of reads shorter than 20bp removed,Maximum read length after trimming,Total number of reads processed in tophat,Total number of mapped reads,Percentage of mapped reads overlapping a junction,Number of junctions,Number of reads mapped on orthologous exons,Number of orthologous exons with at least 1 mapped read,Number of orthologous genes with at least 1 mapped read,RNA concentration (ng/uL),RIN score,Library concentration (ng/uL),Library fragments size (bp)
C1H,chimp 4x0519 heart,chimpanzee,heart,4x0519,3-Aug-12,GAGTGG,1010,Yes,55927590,0.3,80746,51,55837084,43730485,11.7,105354,27274590,142914,21312,80,8.3,7.89,283
C1K,chimp 4x0519 kidney,chimpanzee,kidney,4x0519,3-Aug-12,ACTGAT,1001,Yes,61400129,0.4,161221,51,61224955,50816658,10.3,117094,29077031,149321,22045,274,7,8.49,286
C1Li,chimp 4x0519 liver,chimpanzee,liver,4x0519,3-Aug-12,ATTCCT,1000,No,57025683,0.3,95298,49,56922257,48455432,14.3,98563,32284435,140082,20929,681,7.4,15.46,280
C1Lu,chimp 4x0519 lung,chimpanzee,lung,4x0519,3-Aug-12,CGTACG,1010,Yes,51474896,0.4,115698,51,51341454,45201971,9.8,101773,26262243,143407,21416,149,6,9.58,282
C2H,chimp YN07-387 heart,chimpanzee,heart,YN07-387,3-Aug-12,GTGAAA,1010,Yes,55275846,0.8,362209,51,54905686,41488716,11.3,100038,24286256,140201,20662,293,7.5,13.27,283
C2K,chimp YN07-387 kidney,chimpanzee,kidney,YN07-387,3-Aug-12,GTGGCC,1010,Yes,50868643,0.3,58864,51,50798633,43458187,10.1,118223,24624174,150813,22070,587,7.2,4.82,284
C2Li,chimp YN07-387 liver,chimpanzee,liver,YN07-387,3-Aug-12,GTTTCG,1010,Yes,60967721,0.3,83211,51,60875901,53009441,15,100591,35371620,136965,20442,496,8,13.48,285
C2Lu,chimp YN07-387 lung,chimpanzee,lung,YN07-387,3-Aug-12,GTCCGC,1010,Yes,67695016,1.2,711628,51,66966965,58553930,12.1,127671,36610313,150848,22044,165,8.3,4.71,275
C3H,chimp 4x0516 heart,chimpanzee,heart,4x0516,3-Aug-12,GCCAAT,",0100",No,78945209,0.3,137882,50,78798827,57134346,10,103520,30415123,140298,20829,90,7.7,6.65,324
C3K,chimp 4x0516 kidney,chimpanzee,kidney,4x0516,3-Aug-12,CAGATC,1010,Yes,55912962,0.4,124382,51,55778235,46788955,10.7,122192,26532226,150460,21981,184,8.5,9.94,289
C3Li,chimp 4x0516 liver,chimpanzee,liver,4x0516,3-Aug-12,ACTTGA,1010,Yes,45406233,0.4,142512,51,45256460,40494241,15.4,83447,25621403,128816,19529,417,7.6,8.72,313
C3Lu,chimp 4x0516 lung,chimpanzee,lung,4x0516,3-Aug-12,ACAGTG,1010,Yes,51025538,0.6,236635,51,50757450,44668243,8.9,108228,24133865,145394,21468,142,6.2,12.91,300
C4H,chimp c0563-YN07-147 heart,chimpanzee,heart,c0563-YN07-147,3-Aug-12,CGATGT,1010,Yes,54371918,0.3,77736,51,54280600,42875686,11.3,102306,26258270,142547,21054,135,7.8,16.14,297
C4K,chimp c0563-YN07-147 kidney,chimpanzee,kidney,c0563-YN07-147,3-Aug-12,TTAGGC,1010,Yes,45572079,0.3,61334,51,45499626,38641118,10.8,110871,22766814,148675,21859,234,7.3,20.81,282
C4Li,chimp c0563-YN07-147 liver,chimpanzee,liver,c0563-YN07-147,3-Aug-12,TGACCA,1010,Yes,45102660,1.5,633536,51,44457780,38212752,13.5,74348,23771235,129970,20998,544,7,10.22,285
C4Lu,chimp c0563-YN07-147 lung,chimpanzee,lung,c0563-YN07-147,3-Aug-12,ATCACG,",0100",No,54116102,0.5,227461,50,53876215,46261890,9.4,117306,26972083,150413,22107,149,8,4.51,327
H1K,hum  60705 kidney,human,kidney,60705,12-Mar-12,CAGATC,1010,Yes,53720020,0.3,66450,51,53643533,49112617,13.4,140271,27489284,145087,21156,676,7.1,5.08,282
H1Li,hum  60705 liver,human,liver,60705,12-Mar-12,ACTTGA,1010,Yes,54407201,1.9,996612,51,53404557,49849810,18.4,129174,32459691,136583,19995,2425,7.9,5.65,274
H1Lu,hum  60705 lung,human,lung,60705,12-Mar-12,ACAGTG,1010,Yes,39043372,0.4,55470,51,38978956,36662787,14.1,141945,21834173,147237,21222,420,7.3,3.4,268
H2H,hum 61317 heart,human,heart,61317,12-Mar-12,CGATGT,1010,Yes,58176244,0.3,80630,51,58079821,44692055,9.2,119499,17815654,132445,19709,166,6.7,7.43,271
H2K,hum 61317 kidney,human,kidney,61317,29-Mar-12,TTAGGC,1010,Yes,41772199,0.3,59303,51,41703977,32280429,8.4,120062,12358670,136020,20224,2427,5.7,3.29,252
H2Li,hum 61317 liver,human,liver,61317,29-Mar-12,TGACCA,1010,Yes,48191245,5,2411281,51,45740287,41396167,12.7,122864,20749147,135063,20076,3259,6.7,6.81,273
H2Lu,hum 61317 lung,human,lung,61317,12-Mar-12,ATCACG,1010,Yes,58246932,4.7,2722852,51,55510404,51923351,13.7,156084,31364991,148748,21232,605,8,4,273
H3H,hum 62789 heart,human,heart,62789,23-Mar-12,TAGCTT,1010,Yes,48052618,0.3,72352,51,47976191,37692824,6.3,72650,10938729,108213,17435,2136,6.4,2.42,295
H3K,hum 62789 kidney,human,kidney,62789,23-Mar-12,GGCTAC,1010,Yes,57240131,0.3,62154,51,57165133,50655621,12,148587,27809416,149825,21547,3279,6,5.67,280
H3Li,hum 62789 liver,human,liver,62789,23-Mar-12,CTTGTA,1010,Yes,60781689,0.3,103054,51,60660490,48295638,9.2,107298,19341280,126907,19524,6534,5.1,8.35,273
H3Lu,hum 62789 lung,human,lung,62789,23-Mar-12,GATCAG,1010,Yes,57679735,0.8,376508,51,57292775,53266702,12.8,161468,31409896,153626,21897,218,8.8,6.7,282
H4H,hum 62905 heart,human,heart,62905,29-Mar-12,AGTTCC,1010,Yes,57262399,1,503288,51,56727546,48345269,12.6,133020,26499954,140842,20417,549,8.6,7.45,294
H4K,hum 62905 kidney,human,kidney,62905,29-Mar-12,ATGTCA,1010,Yes,65854833,3.5,2243299,51,63589993,55527666,11.8,156296,29126199,151956,21735,897,7.5,9.42,238
H4Li,hum 62905 liver,human,liver,62905,29-Mar-12,CCGTCC,1010,Yes,61496546,1.9,1124744,51,60228034,50207841,9.1,114831,21718387,135867,20449,4348,6,5.12,278
H4Lu,hum 62905 lung,human,lung,62905,29-Mar-12,AGTCAA,1010,Yes,71446049,3.1,2188378,51,69235776,63610296,13.6,169569,38542989,156821,22305,308,7.8,5.48,269
R1H,rhe YN07-314 heart,rhesus macaque,heart,YN07-314,6-Mar-12,TAGCTT,",0101",Yes,38338705,0.3,44986,51,38288655,28544039,12.1,87264,16720930,129688,19142,156,8.5,5.93,283
R1K,rhe YN07-314 kidney,rhesus macaque,kidney,YN07-314,6-Mar-12,GGCTAC,",0101",Yes,36054731,0.4,81121,51,35963624,30648864,11.4,103740,17973548,142396,20685,1347,9,6.52,273
R1Li,rhe YN07-314 liver,rhesus macaque,liver,YN07-314,6-Mar-12,CTTGTA,",0101",Yes,38698026,0.3,92718,51,38598292,34079838,17.6,86321,24827422,126814,18884,526,9,7.54,278
R1Lu,rhe YN07-314 lung,rhesus macaque,lung,YN07-314,6-Mar-12,GATCAG,",0101",Yes,45108350,0.6,174756,51,44915211,40218152,11.2,107639,24230784,143021,20730,323,9.1,4.46,274
R2H,rhe YN07-330 heart,rhesus macaque,heart,YN07-330,6-Mar-12,AGTTCC,",0101",Yes,46772999,0.5,151632,51,46601369,35185642,11.8,90921,19936911,132664,19550,308,9,19.3,299
R2K,rhe YN07-330 kidney,rhesus macaque,kidney,YN07-330,6-Mar-12,ATGTCA,",0101",Yes,44876387,1.9,810212,51,44054431,36882391,11.3,110968,21562202,145467,20899,578,8.3,6.58,289
R2Li,rhe YN07-330 liver,rhesus macaque,liver,YN07-330,6-Mar-12,CCGTCC,",0101",Yes,55752864,0.4,120272,51,55621086,49542136,17.5,99455,36048894,133726,19690,1244,9.1,6.54,287
R2Lu,rhe YN07-330 lung,rhesus macaque,lung,YN07-330,6-Mar-12,AGTCAA,",0101",Yes,56397109,1.2,651782,51,55724069,49692929,10.8,121660,29363640,151662,21910,205,8.9,10.79,280
R3H,rhe YN07-315 heart,rhesus macaque,heart,YN07-315,6-Mar-12,GAGTGG,",0101",Yes,74469912,0.3,115401,51,74341062,52811811,11.4,103037,28377041,138689,20310,209,8.9,13.85,296
R3K,rhe YN07-315 kidney,rhesus macaque,kidney,YN07-315,6-Mar-12,ACTGAT,",0100",No,53365079,0.3,87964,50,53262342,42357768,11.2,110898,24761852,144262,21016,915,9.2,14.08,301
R3Li,rhe YN07-315 liver,rhesus macaque,liver,YN07-315,6-Mar-12,ATTCCT,",0100",Yes,60591539,0.5,205453,51,60375348,52407786,17.2,97940,37820240,132656,19711,2444,8.9,20.42,282
R3Lu,rhe YN07-315 lung,rhesus macaque,lung,YN07-315,6-Mar-12,CGTACG,",0100",Yes,66750190,0.5,244705,51,66485323,58473590,11.4,126783,35207721,150956,21827,222,9.5,10.53,300
R4H,rhe YN07-317 heart ,rhesus macaque,heart,YN07-317,6-Mar-12,GTGAAA,",0100",Yes,52014987,0.5,188933,51,51812633,38223914,11.8,93991,21949119,134224,19677,260,8.7,13.79,288
R4K,rhe YN07-317 kidney ,rhesus macaque,kidney,YN07-317,6-Mar-12,GTGGCC,",0100",Yes,59267611,0.3,75591,51,59172697,50315080,11.9,118389,30056774,146878,21213,1013,8.7,7.95,297
R4Li,rhe YN07-317 liver ,rhesus macaque,liver,YN07-317,6-Mar-12,GTTTCG,",0100",No,83859222,0.8,527197,50,83317155,72808273,16.9,113442,52631272,139951,20530,1395,8.9,10.2,293
R4Lu,rhe YN07-317 lung ,rhesus macaque,lung,YN07-317,6-Mar-12,GTCCGC,",0101",Yes,68303860,1,608267,51,67673503,59886968,11.5,123353,36488981,148510,21542,382,9.1,7.41,302